filename,width,height,class,xmin,ymin,xmax,ymax
00000000.jpg,500,371,basketball,233,61,292,113
00000002.jpeg,500,328,baseball,223,111,422,291
00000004.jpg,500,333,baseball,126,21,143,39
00000005.jpg,500,281,baseball,371,103,389,120
00000006.jpg,375,500,basketball,152,39,248,118
00000007.jpg,500,328,basketball,215,183,380,328
00000008.jpeg,180,180,basketball,4,6,173,173
00000010.jpg,500,333,baseball,286,101,477,269
00000011.jpg,400,400,baseball,30,159,200,316
00000013.jpg,500,334,basketball,300,60,355,111
00000016.jpg,500,333,basketball,220,4,258,43
00000017.jpg,500,333,basketball,155,37,349,218
00000018.jpg,500,332,baseball,428,151,451,171
00000019.jpg,500,333,basketball,294,101,359,162
00000020.jpg,500,368,baseball,68,195,100,220
00000021.jpg,500,357,baseball,331,19,360,40
00000022.jpg,500,331,baseball,44,53,262,266
00000024.jpg,500,281,baseball,393,13,428,43
00000026.jpg,220,173,basketball,96,84,189,165
00000030.jpg,500,250,basketball,39,117,194,250
00000031.jpg,500,396,baseball,215,14,239,37
00000032.jpg,500,281,basketball,190,214,283,281
00000033.jpg,500,374,basketball,321,98,409,188
00000034.jpg,500,281,baseball,351,100,376,119
00000035.jpg,250,250,baseball,148,14,165,28
00000036.jpg,500,333,baseball,252,110,357,208
00000042.jpg,500,281,baseball,254,71,277,95
00000044.jpg,500,239,baseball,47,79,165,186
00000046.jpg,500,333,baseball,391,27,436,65
00000047.jpg,500,375,baseball,428,170,463,193
00000049.jpg,500,333,basketball,205,27,263,85
00000050.jpg,500,332,basketball,138,148,282,295
00000051.jpg,500,332,baseball,443,141,465,160
00000053.jpg,500,281,baseball,222,63,243,80
00000054.jpg,500,281,baseball,109,93,250,222
00000055.jpg,500,281,baseball,163,48,341,219
00000057.jpg,500,229,baseball,187,78,305,170
00000059.jpg,500,375,basketball,1,25,427,375
00000068.jpg,500,262,basketball,108,39,237,164
00000070.jpg,500,281,baseball,234,107,265,130
00000071.jpg,500,281,basketball,305,117,382,193
00000072.jpg,500,262,baseball,122,2,159,25
00000073.png,392,500,basketball,7,176,116,282
00000074.jpg,400,397,basketball,82,13,148,70
00000075.jpg,500,219,baseball,113,118,197,192
00000076.jpg,500,281,basketball,117,13,395,281
00000077.jpg,500,281,baseball,169,48,202,76
00000081.jpg,426,258,basketball,323,142,366,186
00000083.jpg,500,331,basketball,120,9,402,302
00000084.jpg,500,333,baseball,394,149,417,169
00000085.jpg,500,333,baseball,392,188,427,221
00000088.jpg,500,360,basketball,41,39,145,132
00000089.jpg,500,343,basketball,3,158,111,258
00000091.jpg,500,500,baseball,34,55,428,420
00000092.jpg,500,333,baseball,226,113,442,292
00000094.jpg,500,402,basketball,337,9,424,82
00000098.jpg,400,315,baseball,240,28,267,53
00000099.jpg,500,383,baseball,105,27,138,50
00000100.jpg,500,383,baseball,107,29,137,47
00000104.jpg,500,332,baseball,278,169,364,250
00000110.jpg,500,333,baseball,94,124,308,328
00000111.jpg,500,340,baseball,133,78,154,100
00000113.jpg,500,500,basketball,246,18,302,72
00000114.jpg,500,333,basketball,189,14,241,57
00000115.JPG,500,333,baseball,177,37,199,55
00000120.jpg,500,281,basketball,209,57,320,170
00000121.jpg,500,333,baseball,415,132,439,158
00000122.jpg,335,500,baseball,137,82,172,109
00000123.JPG,500,281,basketball,156,24,212,77
00000128.jpg,499,368,baseball,378,57,402,83
00000132.jpg,500,333,baseball,72,113,214,246
00000133.jpg,500,333,basketball,41,34,135,124
00000135.JPG,500,281,baseball,307,137,336,162
00000136.jpg,422,500,basketball,44,1,210,142
00000137.JPG,500,281,basketball,393,3,460,68
00000138.jpg,500,281,basketball,152,114,236,193
00000139.jpeg,500,500,basketball,343,240,436,329
00000140.jpg,500,375,basketball,136,8,193,62
00000142.jpg,500,333,basketball,306,16,405,112
00000145.jpg,500,250,baseball,386,62,422,87
00000146.jpg,500,282,baseball,235,15,256,31
00000148.jpg,500,281,basketball,297,2,333,36
00000152.jpg,500,333,basketball,72,36,148,107
00000153.jpg,500,333,basketball,62,57,147,139
00000154.jpg,500,281,baseball,361,96,388,124
00000155.jpg,500,355,basketball,115,91,180,151
00000163.jpg,500,281,basketball,188,11,230,46
00000166.jpg,280,240,basketball,113,132,224,233
00000168.jpg,444,500,baseball,281,11,312,39
00000171.jpg,500,375,basketball,280,115,344,183
00000173.jpg,500,281,baseball,472,135,500,159
00000177.jpg,300,377,baseball,87,17,124,52
00000190.jpeg,500,294,basketball,303,54,373,116
00000192.jpeg,500,281,baseball,364,20,387,39
00000197.jpg,490,326,baseball,306,22,333,45
00000202.jpg,500,418,basketball,294,14,403,118
00000203.jpg,500,324,basketball,267,71,411,215
00000206.jpeg,500,345,basketball,403,161,469,223
00000207.jpg,500,346,basketball,279,152,484,345
00000208.jpg,500,391,basketball,238,21,318,95
00000209.jpg,500,236,basketball,94,108,284,236
00000210.jpg,500,362,baseball,352,130,384,162
00000211.JPG,500,333,baseball,175,21,205,42
00000213.jpg,455,300,basketball,270,122,316,165
00000216.jpg,369,499,basketball,175,1,251,71
00000217.jpg,500,332,baseball,180,62,206,81
00000218.jpg,500,355,baseball,92,12,134,47
00000223.jpg,500,333,baseball,332,117,354,138
00000224.jpeg,500,276,basketball,226,181,271,221
00000227.jpg,500,281,baseball,96,153,131,182
00000228.jpg,500,281,baseball,394,55,414,73
00000235.JPG,500,281,basketball,109,134,210,237
00000240.jpg,500,400,baseball,6,53,29,81
00000242.jpg,500,309,basketball,302,4,376,64
00000244.jpg,500,333,basketball,122,115,252,243
00000247.jpg,500,250,baseball,391,24,415,47
00000249.jpg,500,200,baseball,365,143,396,169
00000250.jpg,291,500,baseball,15,86,45,123
00000272.jpg,500,333,baseball,96,20,132,55
00000279.jpg,500,332,baseball,220,45,242,63
00000280.jpg,500,281,baseball,361,17,383,37
00000282.jpg,492,500,baseball,288,77,324,113
00000284.JPG,500,281,baseball,355,147,381,173
00000291.jpg,500,393,baseball,98,88,141,125
00000298.JPG,500,245,baseball,413,22,442,40
00000299.jpg,500,282,baseball,109,26,134,46
00000304.jpg,500,372,baseball,138,90,166,114
00000306.jpg,500,332,baseball,297,153,328,178
00000309.JPG,499,333,baseball,353,140,384,158
00000320.jpg,500,309,baseball,217,4,238,25
00000326.jpg,500,280,baseball,369,93,394,116
00000336.jpeg,500,281,baseball,335,125,390,161
00000339.jpeg,500,281,baseball,167,13,189,36
00000342.jpg,500,332,baseball,96,271,124,292
00000346.jpeg,500,364,baseball,339,164,385,205
00000349.jpg,500,281,baseball,459,220,496,254
00000350.jpg,500,375,baseball,160,7,195,33
00000369.jpg,500,281,baseball,324,21,353,45
00000370.jpg,500,281,basketball,180,10,264,86
00000373.JPG,500,349,baseball,403,34,430,61
00000376.jpg,500,333,baseball,36,110,60,135
00000388.jpg,500,333,basketball,155,55,203,99
00000394.jpg,500,375,basketball,1,15,61,93
00000397.jpeg,500,333,basketball,213,158,271,216
00000402.jpg,500,375,basketball,183,14,259,82
00000418.jpg,500,281,baseball,295,6,459,163
00000422.jpg,500,375,basketball,252,308,323,366
00000423.jpg,500,333,basketball,240,204,328,274
00000424.jpeg,500,355,basketball,98,9,166,63
00000428.jpg,500,313,basketball,195,16,271,85
00000430.jpg,500,280,baseball,172,38,202,61
00000431.jpg,500,351,basketball,191,102,298,201
00000438.jpg,500,250,baseball,195,13,218,34
00000440.JPG,499,281,baseball,66,65,88,83
00000446.JPG,500,281,basketball,354,9,423,78
00000448.jpg,500,381,basketball,161,14,237,86
00000449.jpg,500,333,baseball,55,112,212,260
00000454.jpg,500,182,baseball,240,65,374,162
00000458.jpg,500,397,basketball,293,14,366,80
00000463.jpg,500,281,baseball,457,55,485,76
00000466.jpg,500,281,baseball,205,137,309,224
00000469.jpg,500,342,basketball,202,93,258,148
00000470.jpg,500,333,baseball,38,95,79,127
00000476.jpg,500,333,basketball,289,193,353,253
00000480.jpg,333,500,basketball,18,72,102,136
00000490.jpg,500,281,basketball,100,41,189,128
00000493.jpg,500,333,basketball,178,124,248,192
00000501.jpg,500,338,basketball,135,62,164,93
00000507.jpg,500,287,basketball,306,121,351,164
00000512.jpg,500,333,basketball,69,133,140,197
00000520.JPG,388,220,basketball,47,72,165,184
00000521.jpg,500,333,basketball,230,4,305,64
00000606.jpg,500,281,baseball,57,71,103,108
00000612.jpg,415,415,baseball,20,45,54,74
00000621.jpg,500,378,baseball,400,182,444,217
00000633.jpg,500,281,baseball,98,1,143,39
00000634.jpeg,499,338,baseball,158,1,181,25
00000644.jpg,500,375,baseball,56,8,95,46
00000657.jpg,500,246,baseball,389,16,428,50
00000666.jpg,500,281,baseball,145,42,176,76
00000681.jpg,499,408,baseball,141,1,170,29
00000687.JPG,308,212,baseball,193,16,216,36
00000718.jpg,499,418,baseball,105,14,138,45
00000727.jpg,499,280,baseball,449,235,475,262
00000740.jpg,500,500,baseball,3,65,78,131
00000746.jpg,500,281,baseball,411,5,447,38
00000752.jpg,365,205,baseball,277,36,315,70
00000755.jpg,500,375,baseball,240,60,282,98
00000775.jpg,500,297,baseball,439,28,480,63
00000785.jpg,500,281,baseball,215,6,259,46
00000788.jpg,500,278,baseball,443,133,487,176
002.JPG,375,500,football,237,91,281,126
003.jpg,400,313,football,175,181,219,226
004.jpg,500,312,football,312,162,371,221
005.jpg,480,270,football,185,241,237,270
007.jpg,500,500,football,273,212,399,307
008.jpg,500,333,football,318,238,348,273
009.jpg,424,500,football,215,397,276,459
01.jpg,500,334,football,88,37,350,292
010.jpg,500,332,football,303,274,371,323
013.jpg,500,281,football,179,225,236,271
014.JPG,500,355,football,183,267,238,316
015.jpg,499,281,football,93,137,242,261
016.jpg,500,333,football,213,123,366,262
017.JPG,500,333,football,322,252,365,287
018.jpg,499,283,football,276,165,396,260
02.jpg,500,333,football,68,73,276,269
020.jpg,499,266,football,220,32,270,75
021.jpg,500,339,football,80,287,145,335
024.jpg,500,346,football,163,293,222,346
025.JPG,500,281,football,403,164,458,207
026.jpg,500,334,football,52,114,235,295
026.jpg,500,334,football,203,109,343,263
026.jpg,500,334,football,296,100,417,237
027.jpg,500,333,football,247,268,293,304
028.jpg,500,378,football,68,200,135,265
029.jpg,500,281,football,390,264,431,281
03.jpg,500,375,football,368,259,401,290
030.jpg,500,280,football,170,1,323,129
031.jpg,500,324,football,225,262,280,314
034.jpg,500,308,football,148,243,198,283
035.jpeg,500,265,football,146,49,293,180
036.jpg,500,262,football,213,1,240,23
037.jpg,500,280,football,110,9,165,46
038.jpg,500,281,football,36,154,113,227
038.jpg,500,281,football,112,153,183,228
038.jpg,500,281,football,178,155,251,226
038.jpg,500,281,football,250,155,319,222
038.jpg,500,281,football,319,153,388,227
038.jpg,500,281,football,388,152,462,223
039.jpg,450,313,football,305,244,360,287
04.jpg,500,314,football,276,16,460,195
040.jpg,500,333,football,152,20,202,61
041.jpg,480,360,football,182,254,228,297
044.jpg,500,332,football,262,256,314,301
045.jpg,499,281,football,261,213,321,270
046.jpg,500,333,football,110,82,248,216
047.jpg,500,281,football,146,7,337,190
048.jpg,500,360,football,274,290,338,349
049.jpg,500,333,football,28,36,97,97
050.jpg,400,500,football,292,137,370,203
051.JPG,500,369,football,147,293,209,353
054.JPG,500,295,football,137,213,180,248
055.jpg,500,274,football,419,53,452,89
056.jpg,400,400,football,68,284,114,319
057.jpg,410,500,football,198,369,286,451
058.jpeg,500,333,football,113,95,242,225
06.jpg,500,340,football,380,254,421,298
060.jpg,500,294,football,234,209,296,276
061.jpg,500,375,football,432,122,478,168
064.jpg,500,374,football,140,253,197,299
065.jpg,500,384,football,88,318,163,379
066.jpg,500,281,football,254,110,347,200
067.jpg,500,333,football,320,261,371,311
068.jpg,500,243,football,173,108,197,130
069.jpg,500,278,football,285,131,387,223
07.jpg,500,333,football,239,258,285,295
070.jpg,500,286,football,124,184,222,269
071.JPG,500,281,football,180,225,230,273
074.jpg,500,281,football,367,64,397,95
075.jpg,500,308,football,144,210,177,236
076.jpg,357,500,football,141,266,225,342
077.jpg,400,286,football,120,90,253,218
078.jpg,500,333,football,6,166,159,323
079.jpg,500,333,football,381,112,461,192
08.jpg,500,290,football,113,31,335,228
080.jpg,500,334,football,88,120,108,138
081.jpg,300,300,football,1,119,121,236
084.jpeg,500,333,football,219,245,270,290
085.jpg,500,374,football,14,177,70,227
086.jpg,500,281,football,449,184,500,241
087.jpg,500,281,football,175,192,210,228
088.jpg,500,281,football,251,253,303,281
089.jpg,500,273,football,140,208,181,241
09.jpg,500,281,football,10,174,108,249
090.jpg,500,295,football,231,217,288,269
091.jpg,500,333,football,84,245,146,299
091.jpg,500,333,football,271,200,301,224
091.jpg,500,333,football,163,192,182,206
091.jpg,500,333,football,39,194,58,211
091.jpg,500,333,football,419,192,433,206
094.jpg,500,332,football,262,197,312,239
095.jpg,500,281,football,265,236,315,281
096.jpg,354,499,football,206,365,281,430
097.jpg,500,281,football,145,243,193,281
098.jpeg,500,281,football,374,183,430,230
099.jpg,500,333,football,290,292,355,333
1.jpg,499,351,basketball,189,177,350,337
10.jpg,500,500,basketball,304,150,378,213
11.jpg,499,395,basketball,356,6,408,55
110.jpg,500,350,football,97,300,164,350
111.jpg,500,375,football,222,17,268,64
114.jpg,500,333,football,283,265,343,311
115.JPG,500,280,football,240,251,292,280
116.jpg,500,326,football,70,271,127,323
117.jpg,500,333,football,232,103,388,254
118.jpg,500,375,football,280,227,344,284
119.jpg,480,269,football,91,208,144,257
12.jpg,500,500,basketball,63,65,150,147
120.JPG,500,411,football,248,301,308,358
121.jpg,500,375,football,262,10,323,62
124.jpg,500,281,football,246,37,273,59
125.jpg,500,332,football,304,262,367,313
126.jpg,354,500,football,139,31,189,81
127.jpg,363,500,football,60,16,140,91
128.jpg,500,390,football,238,269,301,323
129.jpg,500,333,football,127,263,200,326
13.jpg,500,333,basketball,233,163,362,290
130.jpg,500,333,football,66,103,251,242
134.jpg,499,281,football,344,245,406,281
135.jpg,500,333,football,139,245,204,300
136.jpg,500,194,football,32,145,102,194
137.JPG,500,296,football,149,126,190,166
138.jpg,500,336,football,124,202,167,240
139.JPG,375,500,football,227,401,321,473
14.jpg,500,500,basketball,304,5,354,50
140.jpg,500,281,football,201,221,256,270
141.jpg,300,200,football,48,125,107,175
141.jpg,300,200,football,217,118,253,156
141.jpg,300,200,football,252,116,295,154
141.jpg,300,200,football,149,119,191,156
144.jpg,500,333,football,273,290,322,331
145.jpg,500,338,football,361,209,436,272
146.jpg,500,333,football,198,267,248,314
147.jpg,500,308,football,166,57,294,192
148.jpeg,500,335,football,163,102,196,135
149.JPG,499,281,football,238,216,276,254
15.JPG,500,281,basketball,346,1,414,49
150.jpg,500,281,football,252,1,295,45
151.jpg,439,500,football,376,323,439,400
154.jpg,500,281,football,248,240,303,281
155.jpeg,500,333,football,166,167,208,204
155.jpeg,500,333,football,222,195,407,333
156.jpg,500,281,football,219,124,256,157
157.JPG,500,375,football,304,42,369,102
158.jpg,400,267,football,258,211,302,250
1588792360136.jpg,710,399,rugbyball,333,253,442,360
159.JPG,500,333,football,199,231,229,259
16.jpg,500,333,basketball,252,54,411,203
160.jpg,500,281,football,116,86,314,276
160.jpg,500,281,football,280,98,404,256
160.jpg,500,281,football,35,105,162,263
161.jpg,499,295,football,277,179,392,274
17.jpg,500,334,basketball,212,1,408,171
171.jpg,500,281,tennisball,17,157,65,207
172.jpg,500,333,tennisball,252,275,302,322
173.jpg,500,375,tennisball,132,158,205,230
175.jpg,500,280,tennisball,63,226,118,280
176.jpg,500,377,tennisball,72,137,100,165
177.jpg,500,282,tennisball,177,94,203,118
178.jpg,500,333,tennisball,145,201,174,222
18.jpg,500,281,basketball,321,75,384,140
181.jpg,500,333,tennisball,313,2,336,22
182.jpg,500,357,tennisball,73,219,101,253
183.jpg,500,281,tennisball,254,64,323,115
184.jpg,500,333,tennisball,114,179,142,204
185.jpg,500,333,tennisball,176,40,200,60
186.jpg,500,333,tennisball,352,237,424,305
187.jpg,500,333,tennisball,52,46,117,116
188.jpg,500,281,tennisball,167,170,193,196
19.jpg,500,333,basketball,330,14,467,155
191.JPG,500,281,tennisball,201,40,237,87
192.jpg,410,260,tennisball,164,165,195,190
193.jpg,500,262,tennisball,270,55,323,112
194.jpg,500,281,tennisball,197,97,224,117
194.jpg,500,281,tennisball,323,191,346,213
195.jpg,500,194,tennisball,41,75,84,113
196.jpg,500,307,tennisball,347,118,408,169
197.jpg,500,170,tennisball,333,19,452,142
198.jpg,500,262,tennisball,120,147,179,202
2.jpg,500,333,basketball,165,34,217,84
20.jpg,500,382,basketball,330,122,384,179
201.JPG,500,281,tennisball,429,75,466,113
202.jpg,500,333,tennisball,261,125,298,157
203.jpg,500,362,tennisball,320,37,377,94
204.jpg,500,281,tennisball,413,146,471,185
205.jpg,500,333,tennisball,298,56,342,81
206.jpg,500,333,tennisball,110,143,180,210
207.jpg,500,327,tennisball,285,183,319,205
208.jpg,500,333,tennisball,154,101,225,172
208.jpg,500,333,tennisball,209,85,284,157
208.jpg,500,333,tennisball,202,146,279,222
21.jpg,500,332,basketball,121,237,183,294
212.jpg,500,281,tennisball,355,50,394,94
213.jpg,500,281,tennisball,220,257,273,281
214.jpeg,480,300,tennisball,263,143,319,192
215.jpg,500,281,tennisball,246,136,284,167
216.jpg,500,281,tennisball,36,167,71,197
217.jpg,500,300,tennisball,244,115,434,295
218.jpg,500,339,tennisball,162,236,225,293
22.jpg,500,333,basketball,289,42,328,76
221.jpg,500,333,tennisball,111,216,185,275
222.jpg,400,300,tennisball,15,17,54,61
223.jpg,500,281,tennisball,27,128,112,210
223.jpg,500,281,tennisball,178,136,282,235
223.jpg,500,281,tennisball,274,135,376,239
223.jpg,500,281,tennisball,208,62,320,152
224.jpg,500,294,tennisball,192,31,224,61
225.jpg,500,332,tennisball,227,127,272,167
226.jpg,500,281,tennisball,109,135,135,159
227.jpg,500,262,tennisball,239,24,378,164
228.jpg,500,250,tennisball,62,134,93,157
23.jpg,500,333,basketball,211,21,293,95
231.jpg,500,334,tennisball,52,89,148,176
231.jpg,500,334,tennisball,251,51,341,137
231.jpg,500,334,tennisball,403,61,493,151
232.jpg,500,281,tennisball,27,91,76,137
233.jpg,500,281,tennisball,116,50,138,72
234.jpg,499,281,tennisball,51,125,95,171
235.jpg,500,375,tennisball,144,172,219,239
236.jpg,500,337,tennisball,250,2,300,39
237.jpg,500,333,tennisball,244,88,284,126
238.jpg,500,332,tennisball,187,228,254,280
238.jpg,500,332,tennisball,314,202,373,258
24.jpg,500,282,basketball,238,17,316,87
241.JPG,450,331,tennisball,75,156,111,194
242.jpg,500,281,tennisball,320,27,377,80
243.jpg,500,333,tennisball,316,143,357,180
244.jpg,500,333,tennisball,88,107,239,251
245.jpg,500,352,tennisball,258,184,299,214
246.jpg,500,285,tennisball,466,203,495,242
247.jpg,500,200,tennisball,287,94,337,138
247.jpg,500,200,tennisball,351,79,388,122
248.jpg,500,281,tennisball,81,48,104,71
25.jpg,500,361,basketball,309,4,392,82
251.jpg,500,281,tennisball,113,173,133,189
252.jpg,370,208,tennisball,188,91,238,135
253.jpg,500,333,tennisball,286,59,391,149
254.JPG,326,370,tennisball,212,202,244,233
256.jpg,500,281,tennisball,317,90,421,188
257.jpg,320,180,tennisball,263,129,315,177
258.jpg,499,281,tennisball,39,95,87,142
259.jpg,400,300,tennisball,305,227,366,272
26.jpg,500,278,basketball,307,44,459,175
26.jpg,500,278,basketball,65,169,197,278
262.jpg,500,281,tennisball,243,71,394,218
263.jpg,499,332,tennisball,31,81,220,258
264.jpg,500,281,tennisball,183,109,209,133
265.jpg,500,282,tennisball,153,66,181,85
266.jpg,400,266,tennisball,276,181,321,221
267.jpg,500,333,tennisball,209,141,255,182
268.jpg,500,409,tennisball,152,279,207,329
269.jpg,500,312,tennisball,333,136,357,159
27.JPG,500,333,basketball,222,1,270,30
28.jpg,500,281,basketball,259,62,316,115
29.jpg,500,294,basketball,178,24,239,75
3.jpg,500,333,basketball,240,41,300,97
30.jpg,500,333,basketball,42,177,115,251
31.JPG,500,416,basketball,126,222,270,357
32.jpg,324,500,basketball,84,19,152,87
33.JPG,500,346,basketball,193,22,282,104
34.jpg,487,390,basketball,287,162,354,218
35.jpg,500,331,basketball,131,120,293,285
36.jpg,500,333,basketball,256,29,315,84
37.jpg,500,281,basketball,243,146,329,223
38.jpg,500,333,basketball,255,44,313,91
39.jpg,500,281,cricketball,266,227,288,250
4.jpg,500,416,basketball,319,17,370,65
40.jpg,500,281,cricketball,82,159,115,182
41.jpg,500,281,cricketball,387,24,429,60
42.jpg,500,332,cricketball,246,43,391,193
43.jpg,500,341,cricketball,64,205,89,233
44.jpg,398,256,cricketball,369,195,381,207
45.jpg,500,282,cricketball,267,96,277,107
46.jpg,500,281,cricketball,392,3,500,145
47.jpg,500,281,cricketball,245,11,260,28
48.jpg,500,375,cricketball,232,189,403,343
49.jpg,500,400,cricketball,114,263,136,287
5.jpg,500,363,basketball,277,52,315,91
50.jpg,500,288,cricketball,89,115,118,142
51.jpg,500,350,cricketball,206,211,226,230
52.jpg,500,345,cricketball,341,189,357,205
53.jpg,500,281,cricketball,118,121,136,142
54.jpg,500,353,cricketball,368,310,395,336
55.jpg,500,295,cricketball,142,110,153,120
56.jpg,480,270,cricketball,199,135,220,156
57.jpg,500,292,cricketball,34,180,51,196
58.jpg,500,292,cricketball,32,182,53,198
59.jpg,500,309,cricketball,289,108,316,128
6.jpg,500,262,basketball,270,12,298,39
60.jpg,387,387,cricketball,377,356,387,372
61.jpg,500,353,cricketball,86,200,155,256
62.jpg,500,281,cricketball,278,30,309,58
63.jpg,500,500,cricketball,321,174,359,208
64.jpg,500,281,cricketball,241,124,257,137
65.jpg,500,375,cricketball,276,262,304,288
66.jpg,500,282,cricketball,394,177,416,194
67.jpg,500,333,cricketball,413,298,431,318
68.JPG,500,281,cricketball,68,34,100,63
69.jpg,500,424,cricketball,146,208,175,236
7.jpg,500,281,basketball,283,174,340,234
70.jpg,500,333,cricketball,159,106,183,128
71.jpg,480,270,cricketball,193,134,221,155
72.jpg,500,319,cricketball,294,146,318,167
73.jpg,500,282,cricketball,230,116,250,138
74.jpg,474,315,cricketball,8,215,24,230
75.jpg,500,281,cricketball,247,151,267,170
76.jpg,500,280,cricketball,14,236,32,253
77.jpg,500,332,cricketball,235,182,257,200
78.jpg,500,324,cricketball,401,199,423,224
79.jpg,405,270,cricketball,172,146,257,221
8.jpg,500,281,basketball,94,82,147,126
80.jpg,254,500,cricketball,212,24,251,67
81.jpg,500,279,cricketball,234,8,252,21
82.jpg,445,286,cricketball,133,101,159,121
83.jpg,500,500,cricketball,173,1,219,37
84.jpg,500,307,cricketball,240,203,264,225
85.jpg,500,333,cricketball,220,183,245,201
86.JPG,500,333,cricketball,177,70,331,227
87.jpg,500,360,cricketball,412,100,470,146
88.jpg,500,333,cricketball,202,93,318,207
89.jpg,500,333,cricketball,280,205,303,222
9.jpg,360,500,basketball,142,85,211,151
90.jpg,500,333,cricketball,250,254,272,274
91.jpg,500,401,cricketball,38,149,185,292
91.jpg,500,401,cricketball,169,159,319,312
92.jpg,500,352,cricketball,161,276,190,296
93.jpg,500,240,cricketball,320,146,342,165
94.jpg,300,300,cricketball,194,256,216,279
image10.jpeg,225,225,rugbyball,30,4,195,181
image17.jpeg,311,162,rugbyball,97,43,129,83
image18.jpeg,300,168,rugbyball,164,80,197,117
image21.jpeg,275,183,rugbyball,105,56,136,83
image23.jpeg,300,168,rugbyball,122,42,152,83
images11.jpg,275,183,rugbyball,115,45,144,81
images127.jpg,275,183,rugbyball,131,86,170,135
images13.jpg,275,183,rugbyball,15,84,60,136
images134.jpg,275,183,rugbyball,190,55,212,84
images137.jpg,262,193,rugbyball,99,118,151,186
images15.jpg,300,168,rugbyball,172,79,223,134
images169.jpg,275,183,rugbyball,89,41,116,78
images183.jpg,311,162,rugbyball,132,59,167,96
images193.jpg,300,168,rugbyball,252,64,299,113
images194.jpg,299,168,rugbyball,110,78,159,151
images20.jpg,275,183,rugbyball,148,65,171,90
images201.jpg,275,183,rugbyball,135,11,255,83
images201.jpg,275,183,rugbyball,68,53,182,129
images21.jpg,275,183,rugbyball,88,50,112,85
images214.jpg,275,183,rugbyball,102,63,128,98
images22.jpg,299,168,rugbyball,101,53,136,86
images228.jpg,225,225,rugbyball,62,73,110,144
images267.jpg,259,194,rugbyball,84,42,120,85
images28.jpg,259,194,rugbyball,199,87,219,114
images29.jpg,300,168,rugbyball,227,44,255,85
images304.jpg,280,180,rugbyball,117,110,161,171
images31.jpg,310,163,rugbyball,187,33,210,66
images312.jpg,100,100,rugbyball,1,1,98,99
images323.jpg,259,194,rugbyball,67,54,102,84
images356.jpg,299,168,rugbyball,203,54,244,114
images36.jpg,199,253,rugbyball,56,149,106,212
images369.jpg,310,163,rugbyball,169,78,202,108
images37.jpg,228,221,rugbyball,132,83,179,137
images376.jpg,275,183,rugbyball,98,159,128,183
images377.jpg,228,221,rugbyball,50,90,106,164
images38.jpg,300,168,rugbyball,114,54,152,92
images385.jpg,275,183,rugbyball,49,110,101,177
images385.jpg,275,183,rugbyball,152,85,204,151
images386.jpg,275,183,rugbyball,75,49,109,95
images39.jpg,290,174,rugbyball,122,42,181,75
images41.jpg,259,194,rugbyball,128,82,164,122
images43.jpg,255,198,rugbyball,83,50,110,83
images51.jpg,278,181,rugbyball,15,121,65,175
images56.jpg,275,183,rugbyball,102,19,135,61
images70.jpg,225,225,rugbyball,60,54,104,114
images82.jpg,275,183,rugbyball,190,63,230,117
Master.jpg,650,433,rugbyball,36,200,158,323
skysports-england-france-six-nations_4993515.jpg,768,432,rugbyball,280,201,388,337
Statsports-Daly-2.jpg,718,529,rugbyball,257,321,400,497
Tendai-Mtawarira-Twitter-reszied.jpg,600,584,rugbyball,362,220,453,363
